{
  "marketing_stripe": {
    "text": "Cadastre-se e ganhe 10% de desconto na primeira compra",
    "link": "",
    "background": "#ff508f",
    "color": "#090909"
  },
  "contacts_stripe": {
    "pages": [],
    "phone_wpp": true,
    "socials": true
  },
  "categories_list": {
    "featured": [
      "/acessorios?Acessórios"
    ],
    "random": 20,
    "full_width": true
  },
  "desktop_megamenu": true,
  "search_input": true,
  "alphabetical_order_submenu": true,
  "full_width_submenu": true
}