{
  "meta_title": "",
  "meta_description": "",
  "sections": [
    {
      "type": "banner-slider",
      "autoplay": 9000,
      "full_width": true,
      "slides": [
        {
          "start": "",
          "end": "",
          "img": "/img/uploads/www.powerella.com.br-1200-x-300-px-.png",
          "mobile_img": "/img/uploads/www.powerella.com.br-480-x-300-px-.png",
          "link": "https://powerella.com.br/outlet"
        },
        {
          "start": "",
          "end": "",
          "img": "/img/uploads/moda-casual-1200-x-300-px-.png",
          "mobile_img": "/img/uploads/moda-casual-1200-x-300-px-480-x-300-px-1-.png",
          "link": "https://powerella.com.br/ccm"
        },
        {
          "start": "",
          "end": "",
          "img": "/img/uploads/moda-casual-1200-x-300-px-2-.png",
          "mobile_img": "/img/uploads/moda-casual-1200-x-300-px-480-x-300-px-.png",
          "link": "https://powerella.com.br/vestido"
        },
        {
          "start": "",
          "end": "",
          "mobile_img": "",
          "img": "/img/uploads/mjizuv8a.png"
        }
      ]
    },
    {
      "type": "info-bar",
      "enabled": true
    },
    {
      "type": "brands-carousel",
      "limit": 10,
      "offset": 0,
      "sort": "name",
      "autoplay": 0
    },
    {
      "type": "custom-html",
      "html": "   <div class=\"list-variations\">\n<h4>Compre por tamanhos</h4>\n<ul>\n   <li><a href=\"/search?filters[]=tamanho:P\">P</a></li>\n   <li> <a href=\"/search?filters[]=tamanho:M\">M</a></li>\n   <li> <a href=\"/search?filters[]=tamanho:G\">G</a></li>\n   <li> <a href=\"/search?filters[]=tamanho:GG\">GG</a></li>\n</ul>\n<div>"
    },
    {
      "page": 1,
      "title": "OUTLET",
      "shuffle": true,
      "headless": false,
      "type": "collection-shelf",
      "link": "https://powerella.com.br/outlet",
      "limit": 24,
      "collection_id": "65b7f4622cd6b65959189aca:categories:Outlet:/outlet",
      "sort": "offers"
    },
    {
      "type": "collection-shelf",
      "shuffle": true,
      "limit": 24,
      "page": 1,
      "collection_id": "61e5ab7b0c7c7272251054ea:categories:Top:/top",
      "headless": false
    },
    {
      "type": "collection-shelf",
      "shuffle": true,
      "limit": 24,
      "page": 1,
      "headless": false,
      "collection_id": "61e5ab3b0c7c7272251053be:categories:Legging:/legging"
    },
    {
      "type": "collection-shelf",
      "shuffle": true,
      "limit": 12,
      "page": 1,
      "headless": false,
      "collection_id": "61e5ab4c0c7c727225105401:categories:Macacão:/macacao"
    },
    {
      "type": "review-carousel",
      "autoplay": 9000,
      "reviews": [
        {
          "texto": "Eu amo as roupas dessa loja! São de super qualidade e lindas!! Sem contar a Paola que é uma querida, super atenciosa e me atende sempre muito bem.",
          "nome": "Isabel Kappes",
          "img": "/img/uploads/imagem-do-whatsapp-de-2024-01-31-a-s-09.59.10_1fbbf779.jpg",
          "cidade": "Londrina - PR"
        },
        {
          "texto": "Excelente desde a facilidade na hora de procurar os produtos, compra e finalização do pedido.. Recebi dentro do prazo e ameiii minha compra, as peças são perfeitas e de alta qualidade.. Com certeza irei comprar novamente ❤️  ",
          "nome": "Sabrina Maia da Veiga",
          "cidade": "Teresina - PI",
          "img": "/img/uploads/img-20240131-wa0219.jpg"
        },
        {
          "texto": "As roupas além de lindas, são extremamente confortáveis e o tecido veste super bem. Fui muito bem atendida na loja, fiquei a vontade separando e experimentando os meus looks. Super recomendo ter peças uma mais linda que a outra. Vc se sente linda e com vontade de treinar.",
          "nome": "Claudia Bittner",
          "img": "/img/uploads/imagem-do-whatsapp-de-2024-01-31-a-s-10.36.02_508c3f41.jpg",
          "cidade": "Curitiba - PR"
        },
        {
          "texto": "Adorei a Loja! Peças super lindas, ótima localização, tudo  muito bem organizado, e fui suuuuuuper bem atendida! Amei! Além disso, ela envia por correio e fazem condicional, que é muito bom para quem não pode se deslocar ou prefere provar as peças em casa.",
          "nome": "Flavia Virginia de Lima",
          "cidade": "Foz do Iguaçu - PR",
          "img": "/img/uploads/img-20240131-wa0224.jpg"
        },
        {
          "texto": "Peças lindíssimas e de ótima qualidade... ambiente agradável e bom atendimento, super recomendo 👏👏",
          "nome": "Iara Amarilha",
          "img": "/img/uploads/imagem-do-whatsapp-de-2024-01-31-a-s-10.36.00_b0131791.jpg"
        },
        {
          "texto": "Estou encantado com a minha experiência na Powerella. A qualidade excepcional dos produtos combinada com a facilidade de navegação no site proporcionou uma experiência de compra incrível. As peças são confortáveis, duráveis e estilosas. A entrega foi surpreendentemente rápida, e o rastreamento em tempo real ofereceu tranquilidade. Esta loja não apenas entrega produtos de alta qualidade, mas também se destaca no atendimento ao cliente. Sou fã S2",
          "nome": "Andressa Rospirski",
          "cidade": "Foz do Iguaçu - PR",
          "img": "/img/uploads/img-20240131-wa0218.jpg"
        },
        {
          "texto": "Atendimento maravilhoso! Envio rapido, peças perfeitas!! Todas as roupas de muita qualidade! Amo comprar aqui!",
          "nome": "Mariana Teodoro",
          "cidade": "Timóteo - MG",
          "img": "/img/uploads/img-20240131-wa0222.jpg"
        },
        {
          "texto": "Quando a gente chega na Powerella Fitness é bem recebido pela proprietária Paola com aquele cafezinho delicioso. As peças além de lindas são confortáveis dá vontade de levar tudo. Por isso a Powerella faz tanto sucesso. Une o bom atendimento e peças maravilhosas.",
          "nome": "Mônica Ayumi",
          "img": "/img/uploads/imagem-do-whatsapp-de-2024-01-31-a-s-10.36.00_72a87c74.jpg"
        },
        {
          "texto": "Roupas maravilhosas! Além de lindas tem ótimo acabamento, vestem super bem!! Até me sinto mais motivada para praticar atividades  físicas, pois tenho certeza  que com a qualidade das roupas  não vou passar vergonha  com legging transparente! E o atendimento é excelente!",
          "nome": "Anitta Andreghetti",
          "img": "/img/uploads/imagem-do-whatsapp-de-2024-01-31-a-s-10.36.00_50ad1f12.jpg",
          "cidade": "Foz do Iguaçu - PR"
        },
        {
          "texto": "Amo o atendimento e as roupas são perfeitas!!!! Super indico 👏👏👏",
          "nome": "Ana Paula Rangel",
          "img": "/img/uploads/imagem-do-whatsapp-de-2024-01-31-a-s-10.36.04_a9c8e156.jpg"
        },
        {
          "texto": "Ótimo atendimento, produtos de qualidade, roupa fitness super confortável,local acolhedor. Super recomendo.",
          "nome": "Sandra Da Silva Segovia",
          "img": "/img/uploads/imagem-do-whatsapp-de-2024-01-31-a-s-10.36.01_99b30c05.jpg"
        },
        {
          "texto": "Ótimo atendimento, serviço excelente.",
          "nome": "Sandra Wyden",
          "img": "/img/uploads/imagem-do-whatsapp-de-2024-01-31-a-s-10.35.59_3e7fa0a6.jpg"
        },
        {
          "texto": "As peças são de extrema qualidade! Atendimento impecável. Ambiente super agradável!",
          "nome": "Ariadne Medeiros Melotto",
          "img": "/img/uploads/imagem-do-whatsapp-de-2024-01-31-a-s-10.36.03_7255344c.jpg"
        },
        {
          "texto": "Ótima a loja é maravilhosa as peças são lindas e boa qualidade e um ótimo atendimento",
          "nome": "Bruna Burilli",
          "img": "/img/uploads/imagem-do-whatsapp-de-2024-01-31-a-s-10.35.59_f7ff559b.jpg"
        },
        {
          "texto": "Peças de muita qualidade e Um ótimo atendimento.",
          "nome": "Karine Tonn Ambiel",
          "img": "/img/uploads/imagem-do-whatsapp-de-2024-01-31-a-s-10.36.04_8b82b626.jpg"
        },
        {
          "texto": "As roupas são maravilhosas, me sinto totalmente linda. O atendimento é excelente. A Paola, alem de maravilhosa e muito atenciosa. Além da qualidade sem transparência, o preço é excelente. Qualidade total. Amo muito 😍🤩😘",
          "nome": "Luciana Mitiko",
          "img": "/img/uploads/imagem-do-whatsapp-de-2024-01-31-a-s-10.36.01_d90d77b2.jpg"
        },
        {
          "texto": "Roupas de qualidade, marcas maravilhosas e ambiente da loja delicioso. Recomendo muito!",
          "nome": "Daniela Carbone",
          "img": "/img/uploads/imagem-do-whatsapp-de-2024-01-31-a-s-10.36.03_0688c254.jpg"
        },
        {
          "texto": "Melhor loja!! Atendimento maravilhoso!! ❤️",
          "nome": "Patricia Natieli",
          "img": "/img/uploads/imagem-do-whatsapp-de-2024-01-31-a-s-10.36.02_b57c8d8b.jpg"
        },
        {
          "texto": "Roupas de excelente qualidade. Amei todos os looks que comprei!!",
          "nome": "Aline Diaz",
          "img": "/img/uploads/imagem-do-whatsapp-de-2024-01-31-a-s-10.35.57_a7b3b486.jpg",
          "cidade": "Foz do Iguaçu - PR"
        },
        {
          "texto": "A loja tem um espaço muito agradável, adorei a seleção das roupas, tudo de muito bom gosto e excelente qualidade. Fora que a proprietária é um doce ! Virei cliente fiel!!",
          "nome": "Fernanda Garcia",
          "img": "/img/uploads/imagem-do-whatsapp-de-2024-01-31-a-s-10.35.56_496bd6ec.jpg"
        },
        {
          "texto": "Realmente uma experiência maravilhosa, as roupas são lindas de excelente qualidade e o atendimento é com muito carinho.",
          "nome": "Fabiola Trajano Andreolli",
          "img": "/img/uploads/imagem-do-whatsapp-de-2024-01-31-a-s-10.35.57_81cdc69d.jpg"
        },
        {
          "texto": "Adorei. Meu conjunto veio exatamente como na foto, e chegou dentro do prazo previsto.",
          "nome": "Rafaele Barbizan Garofolo",
          "img": "/img/uploads/imagem-do-whatsapp-de-2024-01-31-a-s-12.49.33_8bd38095.jpg"
        },
        {
          "texto": "Super recomendo, comprei pelo site! Chegou rapidinho, e do jeito que queria as peças! Adorei!",
          "nome": "Karina Favarin",
          "img": "/img/uploads/img-20240131-wa0220.jpg"
        },
        {
          "texto": "Adorei a Loja! Peças super lindas, ótima localização, tudo  muito bem organizado, e fui suuuuuuper bem atendida! Amei! Além disso, ela envia por correio e fazem condicional, que é muito bom para quem não pode se deslocar ou prefere provar as peças em casa.",
          "nome": "Fernanda Rodrigues",
          "cidade": "Rio de Janeiro - RJ",
          "img": "/img/uploads/imagem-do-whatsapp-de-2024-01-31-a-s-12.51.11_a433d395.jpg"
        },
        {
          "nome": "Camila Piva",
          "cidade": "Marechal Cändido Rondon - PR",
          "texto": "Adorei o site, muito prático e fácil de buscar as opções! Recebi minhas compras de forma rápida e segura! Super confiável, e peças de ótima qualidade!",
          "img": "/img/uploads/img-20240131-wa0223.jpg"
        },
        {
          "texto": "Já sou cliente da loja desde o início. O atendimento e as peças são de qualidade excepcional. A Paola, que é a proprietária da loja responde rapidamente, bem atenciosa com os clientes, envia as peças corretas e o pagamento facilitado pelo link quando não é possível estar pessoalmente na loja. Sou uma cliente fidelizada pelo carisma do atendimento e qualidade das peças!",
          "nome": "Bruna Lucchesi",
          "cidade": "Foz do Iguaçu - PR",
          "img": "/img/uploads/img-20240131-wa0221.jpg"
        },
        {
          "texto": "Atendimento super bom e rápido! Os looks são mais lindos pessoalmente!",
          "cidade": "Brasília - DF",
          "nome": "Letícia Vitola",
          "img": "/img/uploads/imagem-do-whatsapp-de-2024-01-31-a-s-14.09.51_46a2d674.jpg"
        }
      ],
      "title": "O que dizem sobre a Powerella..."
    }
  ]
}